{"devices": {"1": {"device_name": "Device1", "managed_by_user_id": "one@mci.edu", "is_active": true}, "2": {"device_name": "Device2", "managed_by_user_id": "two@mci.edu", "is_active": true}, "3": {"device_name": "Device3", "managed_by_user_id": "four@mci.edu", "is_active": true}, "4": {"device_name": "Device4", "managed_by_user_id": "two@mci.edu", "is_active": true}}, "devices_with_subclass": {"1": {"device_name": "Device1", "managed_by_user_id": "one@mci.edu", "is_active": true, "reservation": {"name": "res1", "start_date": "{TinyDateTime}:2021-01-01T00:00:00", "end_date": "{TinyDateTime}:2021-01-02T00:00:00"}}}}